{ 
 "columns":5,
 "image":"Tiles.png",
 "imageheight":16,
 "imagewidth":80,
 "margin":0,
 "name":"ShipTileset",
 "spacing":0,
 "tilecount":5,
 "tiledversion":"1.11.2",
 "tileheight":16,
 "tiles":[
        {
         "id":0,
         "properties":[
                {
                 "name":"collider",
                 "type":"bool",
                 "value":false
                }],
         "type":"Floor"
        }, 
        {
         "id":1,
         "properties":[
                {
                 "name":"collider",
                 "type":"bool",
                 "value":true
                }],
         "type":"Ceiling"
        }, 
        {
         "id":2,
         "properties":[
                {
                 "name":"collider",
                 "type":"bool",
                 "value":true
                }],
         "type":"Wall_Top"
        }, 
        {
         "id":3,
         "properties":[
                {
                 "name":"collider",
                 "type":"bool",
                 "value":true
                }],
         "type":"Wall_Bottom"
        }, 
        {
         "id":4,
         "properties":[
                {
                 "name":"collider",
                 "type":"bool",
                 "value":false
                }],
         "type":"Void"
        }],
 "tilewidth":16,
 "type":"tileset",
 "version":"1.10"
}